account_id,customer_name,branch,status
A0,Kara Swanson,Delhi,dormant
A1,Laura Lewis,Delhi,active
A2,Kevin Rasmussen,Mumbai,dormant
A3,Melanie Thomas,Hyderabad,active
A4,John Bush,Mumbai,dormant
A5,Mark Adams,Mumbai,active
A6,Crystal Hines,Bangalore,dormant
A7,Stephanie Williams,Bangalore,active
A8,Carolyn Jennings,Hyderabad,active
A9,Amy Wilson,Hyderabad,dormant
A10,Eric Gomez,Hyderabad,active
A11,Amanda Clay,Mumbai,dormant
A12,Willie Ray,Bangalore,active
A13,David Nelson,Pune,dormant
A14,Shirley Schroeder,Delhi,dormant
A15,Erica Taylor,Hyderabad,dormant
A16,David Brown,Pune,dormant
A17,Dr. Jerry Rubio,Hyderabad,active
A18,Patricia Johnson,Delhi,dormant
A19,Nancy Thomas,Hyderabad,dormant
A20,Jodi Jones,Hyderabad,dormant
A21,Thomas Green,Mumbai,dormant
A22,Brittany Martinez,Delhi,dormant
A23,Donald Morris,Bangalore,active
A24,Ruben Lopez,Bangalore,active
A25,Leslie Edwards,Hyderabad,dormant
A26,Brenda Rivera,Pune,dormant
A27,Maria Cochran,Hyderabad,active
A28,Jillian Jones,Bangalore,dormant
A29,Natalie Allen,Delhi,dormant
A30,George White,Hyderabad,active
A31,Sara Lopez,Bangalore,active
A32,Nicole Johnson,Mumbai,active
A33,Maurice Carroll,Delhi,active
A34,Russell Stone,Pune,active
A35,Michael Avila,Hyderabad,active
A36,Frank Fuller,Pune,dormant
A37,Jill Ramirez,Bangalore,active
A38,Leslie Gross,Delhi,dormant
A39,Ashley English,Delhi,dormant
A40,Matthew Flynn,Bangalore,dormant
A41,Kimberly Brown,Delhi,dormant
A42,Peter Bernard,Hyderabad,dormant
A43,Barbara Rojas,Hyderabad,active
A44,Nicole Willis MD,Bangalore,active
A45,Kimberly Hess,Delhi,active
A46,Christina Foley,Pune,active
A47,Jennifer Garcia,Bangalore,dormant
A48,Jennifer Collins,Mumbai,dormant
A49,Marcus Cox,Delhi,active
A50,Kimberly Davis,Mumbai,active
A51,James Sanders,Hyderabad,dormant
A52,Kimberly Pace,Delhi,dormant
A53,Vanessa Ayala,Bangalore,dormant
A54,Caitlin Hughes,Delhi,active
A55,Adam Wallace,Mumbai,active
A56,Justin Brandt,Delhi,dormant
A57,Eric Taylor,Hyderabad,dormant
A58,Christopher King,Hyderabad,active
A59,Carrie Rodriguez,Pune,active
A60,Robin Ortega,Mumbai,active
A61,Deborah Butler,Mumbai,active
A62,Cory Larson,Mumbai,dormant
A63,Julie Malone,Bangalore,active
A64,Steven Singh,Delhi,dormant
A65,Mary Dodson,Delhi,active
A66,Alejandro Cruz,Hyderabad,dormant
A67,Jared Scott,Pune,dormant
A68,Nicole Brewer,Mumbai,dormant
A69,Katherine Graves,Bangalore,dormant
A70,Tracy Coleman,Mumbai,dormant
A71,Alexander Kelly,Hyderabad,dormant
A72,Mrs. Amber Thomas,Mumbai,active
A73,Larry Reed,Bangalore,active
A74,Laura Baker,Mumbai,active
A75,Alejandro Greene,Pune,dormant
A76,Kelly Holmes,Delhi,active
A77,Patrick Strong,Bangalore,dormant
A78,Ronald Gay,Pune,dormant
A79,Haley Boyer,Pune,active
A80,Amy Heath,Pune,active
A81,James Lang,Delhi,dormant
A82,Jamie Velasquez,Delhi,active
A83,Alexander Williams,Hyderabad,active
A84,Jeffrey Owens,Bangalore,active
A85,Jamie King,Mumbai,active
A86,Sarah Gordon,Hyderabad,dormant
A87,Lori Hopkins,Hyderabad,active
A88,Kevin Hudson,Delhi,active
A89,Lucas Mcdonald,Delhi,active
A90,Christopher Gonzales,Hyderabad,active
A91,Diana Moody,Bangalore,active
A92,Taylor Lewis,Pune,active
A93,Jeffrey Gutierrez,Mumbai,dormant
A94,Tracey Smith,Mumbai,active
A95,Miguel Macias,Hyderabad,dormant
A96,Amanda Hall,Hyderabad,active
A97,Benjamin Dorsey,Delhi,active
A98,Anna Mcbride,Pune,dormant
A99,Adam Lambert,Mumbai,active
A100,Jennifer Moore,Pune,dormant
A101,Devin Golden,Mumbai,dormant
A102,Megan Humphrey,Mumbai,dormant
A103,Christopher Nichols,Pune,active
A104,Luis Porter,Pune,dormant
A105,Melissa Lloyd,Mumbai,active
A106,Shelby Rodgers,Mumbai,active
A107,April Peterson,Pune,active
A108,Jasmine Bryant,Bangalore,active
A109,Veronica Maxwell,Mumbai,active
A110,Tyler French,Delhi,active
A111,Haley Huber,Pune,dormant
A112,Angela Walker,Mumbai,active
A113,Nicholas Fletcher,Mumbai,active
A114,Jeffery Jennings,Mumbai,dormant
A115,Antonio Soto,Bangalore,active
A116,John Oliver,Hyderabad,active
A117,Katherine Taylor,Mumbai,dormant
A118,Justin Huff,Mumbai,dormant
A119,Andrew Gilbert,Mumbai,active
A120,Erica Keller,Delhi,dormant
A121,Rachel Wilson,Pune,active
A122,Amanda Thompson,Hyderabad,dormant
A123,Alexis Martinez,Hyderabad,active
A124,Elaine Dudley,Pune,active
A125,Caleb Ramirez,Pune,dormant
A126,Caleb Johnson,Mumbai,dormant
A127,Amber Holden,Hyderabad,dormant
A128,Vicki Robinson,Delhi,active
A129,Christopher Hoffman,Hyderabad,active
A130,Sara Phelps,Hyderabad,active
A131,Richard Kelly,Bangalore,active
A132,Kristi Martinez,Bangalore,dormant
A133,Larry Ferrell DVM,Pune,dormant
A134,Erica Cowan,Mumbai,active
A135,Natalie Perkins,Pune,dormant
A136,Jodi Maxwell,Bangalore,active
A137,Warren Tucker,Pune,active
A138,Sarah Hall,Delhi,dormant
A139,Lisa Ross,Pune,active
A140,Lisa Doyle,Mumbai,active
A141,Michelle Webb,Delhi,active
A142,Brandon Munoz,Hyderabad,dormant
A143,Jasmine Bates,Bangalore,dormant
A144,Wanda Watts,Bangalore,active
A145,Jennifer Cervantes,Pune,dormant
A146,Theresa Wilson,Delhi,dormant
A147,Sarah Curtis,Hyderabad,active
A148,Ashley Barnes,Bangalore,active
A149,Robin Dudley,Hyderabad,active
A150,William Kelly,Delhi,active
A151,Amy Hart,Delhi,active
A152,David Jones,Delhi,dormant
A153,Paul Nixon,Bangalore,active
A154,Dr. Jeffrey Flowers,Pune,active
A155,Amanda White,Mumbai,dormant
A156,Trevor Wilcox DDS,Pune,active
A157,Gerald Roberts,Pune,active
A158,Maria Brock,Delhi,dormant
A159,Elizabeth Boyd,Pune,dormant
A160,Sheila Wilkerson,Bangalore,active
A161,Rachel James,Hyderabad,active
A162,Kevin Montoya,Delhi,active
A163,Anthony Flores,Mumbai,active
A164,James Norman,Delhi,active
A165,John Peters,Hyderabad,dormant
A166,Bradley Gilbert,Delhi,dormant
A167,Jonathan Shea,Hyderabad,dormant
A168,Zachary Nelson,Bangalore,dormant
A169,Ronnie Mills,Mumbai,dormant
A170,Anthony Jimenez,Bangalore,active
A171,Joseph Cook,Mumbai,dormant
A172,Jennifer Roth,Pune,active
A173,Jesus Ferguson,Delhi,active
A174,Carla Rangel,Delhi,dormant
A175,Daniel Santana,Delhi,dormant
A176,Megan Franco,Mumbai,active
A177,Emily Davis,Hyderabad,dormant
A178,Kimberly Williams,Delhi,dormant
A179,Jennifer Ross,Bangalore,dormant
A180,Jamie Melton,Mumbai,dormant
A181,Destiny Wise,Pune,dormant
A182,Samantha Foster,Bangalore,dormant
A183,Nicholas Moore,Pune,dormant
A184,Joshua Carpenter,Pune,active
A185,Sara Jenkins,Bangalore,active
A186,Jennifer Baxter,Hyderabad,active
A187,Ryan Rose,Delhi,active
A188,Lauren Harvey,Hyderabad,dormant
A189,Ronald Smith,Bangalore,active
A190,Jennifer Lopez,Pune,dormant
A191,Ryan Odom,Mumbai,active
A192,Amy Frazier,Hyderabad,active
A193,Rebecca Watkins,Hyderabad,active
A194,Jaclyn Frederick,Delhi,active
A195,Nancy Thomas,Hyderabad,dormant
A196,Mary White,Bangalore,active
A197,Melinda Ramirez,Mumbai,active
A198,Kathy Harmon,Mumbai,dormant
A199,Alan Hodges,Mumbai,dormant
A200,Michael Whitaker,Pune,dormant
A201,Charles Brown,Mumbai,active
A202,Jason Richardson,Hyderabad,active
A203,Franklin Church,Bangalore,dormant
A204,William Goodman,Hyderabad,active
A205,David Carr,Bangalore,dormant
A206,James Richards,Delhi,active
A207,Eugene Rich,Pune,active
A208,Jacqueline Hughes,Delhi,dormant
A209,Mary Robinson,Hyderabad,dormant
A210,Keith Washington,Delhi,dormant
A211,Melinda Blair PhD,Hyderabad,active
A212,Jenna Stewart,Hyderabad,active
A213,Michael Jackson,Delhi,dormant
A214,Jordan Williams,Pune,dormant
A215,Patrick Baker,Delhi,active
A216,Micheal Stevenson,Hyderabad,active
A217,Matthew Mcconnell,Delhi,dormant
A218,Andrea Noble,Pune,dormant
A219,Jamie Nguyen,Mumbai,active
A220,Glenn Houston,Bangalore,dormant
A221,Heather Coffey,Mumbai,active
A222,Angel Macdonald,Bangalore,dormant
A223,Gabrielle Cowan,Delhi,dormant
A224,Donald Hernandez,Hyderabad,active
A225,Greg Porter,Hyderabad,dormant
A226,Courtney Gutierrez,Pune,active
A227,Ronald Stephens,Mumbai,active
A228,Tyler Owens,Mumbai,dormant
A229,Heather Small,Delhi,dormant
A230,Michael Rodriguez,Mumbai,active
A231,Monica Lee,Delhi,active
A232,Courtney Curry,Hyderabad,dormant
A233,Alex Curtis,Hyderabad,active
A234,Nicole Patterson,Delhi,active
A235,Phillip Jones,Mumbai,dormant
A236,Robert Anderson,Delhi,dormant
A237,Ronald Johnson,Bangalore,active
A238,Paul Johnson,Pune,active
A239,Jacqueline Lee,Bangalore,dormant
A240,Sarah Lopez,Hyderabad,dormant
A241,Matthew Wilson,Bangalore,active
A242,Andrew King,Mumbai,dormant
A243,Chase Howell,Pune,active
A244,Jesse Richardson,Bangalore,dormant
A245,Marcus Daniels,Hyderabad,active
A246,Mike Rhodes,Hyderabad,active
A247,Michael Maldonado,Bangalore,dormant
A248,David Stephens,Pune,active
A249,Emily King,Bangalore,dormant
A250,Justin Smith,Pune,active
A251,Christine Wood,Mumbai,active
A252,Keith Brown,Pune,active
A253,Catherine Allen,Bangalore,active
A254,Mary Davenport,Hyderabad,active
A255,Brianna Bonilla,Bangalore,dormant
A256,Maria Palmer,Pune,active
A257,David Contreras,Pune,active
A258,Courtney Bell,Mumbai,active
A259,Christina Ramirez,Hyderabad,active
A260,Christopher Herrera,Mumbai,active
A261,Zachary Edwards,Mumbai,active
A262,Brooke Oliver,Bangalore,active
A263,Helen Munoz,Bangalore,active
A264,Christina Hernandez,Bangalore,dormant
A265,Joshua Haas,Hyderabad,active
A266,Tara Hughes,Mumbai,dormant
A267,Bryan Ochoa,Pune,dormant
A268,Angela Turner,Hyderabad,active
A269,Heather Flores,Pune,active
A270,Kendra Hurley,Pune,active
A271,Whitney West,Delhi,dormant
A272,Carla Davis,Bangalore,active
A273,Regina Allen,Bangalore,active
A274,Shannon Osborn,Delhi,active
A275,Andrea Richards,Delhi,active
A276,Amanda Soto,Delhi,dormant
A277,Courtney Travis,Hyderabad,dormant
A278,Jennifer Price,Mumbai,active
A279,Angela Mcintosh,Delhi,dormant
A280,Vanessa Scott,Hyderabad,dormant
A281,Alan Garrett,Delhi,dormant
A282,Eugene Johnson,Pune,dormant
A283,Brittany Gill,Hyderabad,active
A284,Bruce Rasmussen,Mumbai,active
A285,Martin Weaver,Delhi,active
A286,Douglas Warren,Delhi,dormant
A287,Donna Williams,Delhi,dormant
A288,David Smith,Hyderabad,active
A289,Debra Wade,Hyderabad,dormant
A290,Robert Hernandez,Bangalore,dormant
A291,Sheila Conner,Pune,dormant
A292,Wendy Brown,Hyderabad,active
A293,Christopher Stewart,Hyderabad,active
A294,Kimberly Gibbs,Hyderabad,active
A295,Sharon White,Delhi,dormant
A296,Ronald Wheeler,Delhi,active
A297,Andrew Estrada,Delhi,dormant
A298,Lisa Aguilar,Bangalore,active
A299,Jamie Santiago,Mumbai,active
A300,Joseph Hughes,Delhi,dormant
A301,Joshua Mcbride,Delhi,active
A302,Randy Wilson,Delhi,active
A303,Cody Austin,Hyderabad,active
A304,Jared Torres,Hyderabad,active
A305,Robert Curry,Pune,dormant
A306,Jody Green,Pune,dormant
A307,Jacob Moody,Mumbai,dormant
A308,Daniel Meyers,Delhi,active
A309,Samuel Keller,Bangalore,active
A310,Lee Hancock,Mumbai,active
A311,Steven Wade,Pune,active
A312,Rebecca Johnson DDS,Mumbai,active
A313,Tracy Vasquez,Mumbai,dormant
A314,Brent Garcia,Bangalore,active
A315,Mark Mendez,Pune,active
A316,Anne Moss,Mumbai,active
A317,Mark White,Hyderabad,dormant
A318,Marcus Lynch,Bangalore,dormant
A319,Carla Hunter,Delhi,dormant
A320,Matthew Henderson,Pune,active
A321,Douglas Rodriguez,Bangalore,dormant
A322,Brian Baker,Pune,active
A323,Tracy Walton,Delhi,dormant
A324,Heather Martinez,Bangalore,dormant
A325,Ricardo Morrison,Pune,dormant
A326,Mary Baker,Delhi,dormant
A327,Christopher Hernandez,Mumbai,active
A328,Andrew Estrada,Pune,active
A329,Sandra Schaefer,Delhi,active
A330,Jessica Moore,Delhi,active
A331,Barbara Edwards,Delhi,dormant
A332,Katherine Boyd,Pune,active
A333,Austin Long,Bangalore,active
A334,Margaret Ferguson,Hyderabad,active
A335,Angela Smith,Mumbai,active
A336,Monica Simmons,Pune,active
A337,David Fischer,Mumbai,dormant
A338,Dawn Case,Mumbai,dormant
A339,Mackenzie Stephens,Hyderabad,dormant
A340,Matthew Moore,Bangalore,dormant
A341,Heather Smith,Delhi,dormant
A342,Wayne Herrera,Bangalore,active
A343,Joseph Snyder,Delhi,dormant
A344,Kenneth Ramirez,Pune,active
A345,Brandy Soto,Pune,active
A346,Sarah Flores,Delhi,dormant
A347,Lisa Nelson,Bangalore,dormant
A348,Amanda Ramirez,Pune,active
A349,Lauren Harrison,Pune,dormant
A350,Emma Thornton,Mumbai,active
A351,Andrew Finley,Delhi,dormant
A352,Andrea Peters,Pune,active
A353,Nathan Owens,Bangalore,dormant
A354,Christina Baker,Delhi,active
A355,Diane Murray,Mumbai,dormant
A356,James Schneider,Bangalore,active
A357,Craig Jones,Bangalore,dormant
A358,Julie Rodriguez,Hyderabad,active
A359,Ashley Sutton,Bangalore,active
A360,Jennifer Wyatt,Bangalore,active
A361,Lynn Jackson,Pune,active
A362,Brenda Lopez,Hyderabad,active
A363,Linda Watkins,Mumbai,dormant
A364,Brittany Winters,Bangalore,dormant
A365,Natalie King,Pune,dormant
A366,Dan Rodriguez,Bangalore,active
A367,Andrew Alvarado,Bangalore,dormant
A368,Sandra Barnes,Mumbai,active
A369,Margaret Schmidt,Pune,active
A370,Richard Schmidt,Delhi,dormant
A371,Tiffany Bishop,Mumbai,dormant
A372,Johnny Clark,Mumbai,dormant
A373,Andrew Thompson,Mumbai,active
A374,Shawn Stephens,Mumbai,active
A375,Nicole Moran,Bangalore,active
A376,Jamie Chen,Bangalore,active
A377,Ashley Martin,Pune,active
A378,George Goodwin,Pune,active
A379,Anna Jacobson,Mumbai,dormant
A380,Mark Smith,Bangalore,active
A381,Andre Ochoa,Delhi,active
A382,Jennifer Green,Pune,active
A383,Amanda Ali,Mumbai,active
A384,James Poole,Hyderabad,dormant
A385,Dr. Jennifer Thompson MD,Hyderabad,dormant
A386,Steven Ward,Delhi,active
A387,Keith Shaw,Delhi,active
A388,Julie Bryant,Hyderabad,dormant
A389,Stephanie Burns,Pune,dormant
A390,Bryan Vasquez,Hyderabad,dormant
A391,Kevin Graves,Pune,dormant
A392,Colin Curtis Jr.,Pune,dormant
A393,Debra Bryant,Mumbai,dormant
A394,William Brown,Bangalore,active
A395,Annette Hudson,Bangalore,active
A396,George Gibbs,Mumbai,dormant
A397,Michelle Campbell,Pune,dormant
A398,Jill Kirby,Mumbai,active
A399,Whitney Miller,Mumbai,active
A400,Theresa King,Mumbai,active
A401,Daniel Sandoval,Hyderabad,active
A402,Eileen Molina,Delhi,active
A403,Lori Love,Pune,dormant
A404,Stacey Thompson,Delhi,active
A405,Paula Roberts,Bangalore,dormant
A406,Ashley Salinas,Delhi,active
A407,Amber Haynes,Delhi,active
A408,Jacqueline Mcclure,Pune,dormant
A409,Sandra Jensen,Hyderabad,dormant
A410,Christina Pittman,Hyderabad,active
A411,Lisa Rodriguez,Hyderabad,dormant
A412,Andrew Skinner,Hyderabad,active
A413,Jose Byrd,Delhi,active
A414,Patty Montgomery,Hyderabad,active
A415,Devin Cox,Bangalore,dormant
A416,Christopher Parker,Delhi,active
A417,Charles Williamson,Delhi,dormant
A418,Cindy Cooper,Delhi,active
A419,Allen Dougherty,Hyderabad,active
A420,Luke Garza,Hyderabad,active
A421,Austin Pitts,Hyderabad,active
A422,Jonathan Stephens,Hyderabad,active
A423,Richard Sims,Hyderabad,active
A424,Stacey Molina,Delhi,active
A425,Johnathan Forbes,Bangalore,active
A426,Gregory White,Hyderabad,dormant
A427,Jennifer Baker,Bangalore,dormant
A428,Donna Long,Pune,dormant
A429,Robert Duncan,Delhi,active
A430,Ronnie Ball,Delhi,active
A431,Victoria Rose,Mumbai,active
A432,Brian Jensen,Mumbai,active
A433,Kenneth Schaefer,Bangalore,active
A434,Rachel Golden,Pune,dormant
A435,Patrick Vargas,Bangalore,active
A436,Christopher Wilson,Delhi,dormant
A437,Edward Morris,Pune,dormant
A438,Benjamin Gonzalez,Pune,dormant
A439,Tamara Little,Mumbai,active
A440,Gregory Torres,Bangalore,dormant
A441,Jake Oneill,Hyderabad,active
A442,John King,Bangalore,active
A443,Jason Colon,Bangalore,dormant
A444,Jaime Wright,Pune,dormant
A445,Travis Bennett,Mumbai,active
A446,Glen Freeman,Pune,active
A447,Rita Lewis,Hyderabad,dormant
A448,Bryan Cooper,Bangalore,active
A449,Catherine Castro,Hyderabad,dormant
A450,Karen Taylor,Mumbai,dormant
A451,Keith Bruce,Delhi,dormant
A452,Beverly Bell,Mumbai,dormant
A453,Alexandra Smith,Bangalore,dormant
A454,Willie Jenkins,Delhi,active
A455,Samantha Benson,Hyderabad,active
A456,Kyle Davis,Bangalore,dormant
A457,Joshua Stevens,Bangalore,dormant
A458,Sandy Hensley,Bangalore,dormant
A459,April Black MD,Hyderabad,dormant
A460,Connie Rogers,Delhi,active
A461,Deborah Campos,Delhi,dormant
A462,Brooke Butler,Bangalore,dormant
A463,William Nguyen,Pune,active
A464,Andrew Hart,Delhi,dormant
A465,Bethany Hansen,Pune,dormant
A466,Mrs. Katherine Kim,Delhi,dormant
A467,Ralph Greene,Mumbai,dormant
A468,Ashley Valdez,Bangalore,dormant
A469,Teresa Gonzalez,Hyderabad,dormant
A470,Richard Novak,Bangalore,dormant
A471,Kristopher Rivers,Delhi,dormant
A472,Julie Johnson,Mumbai,active
A473,Jason Barnett,Delhi,dormant
A474,Stephanie Owens,Bangalore,dormant
A475,Jennifer Anderson,Pune,dormant
A476,Mitchell Nicholson,Bangalore,active
A477,Pamela Estrada,Mumbai,dormant
A478,Sabrina Brown,Bangalore,dormant
A479,Ashley Cherry DVM,Hyderabad,active
A480,Julie Woodard,Mumbai,dormant
A481,Angela Gomez,Delhi,active
A482,Raymond Johnson,Hyderabad,dormant
A483,Marissa Anthony,Pune,active
A484,Sharon Stewart,Pune,dormant
A485,Christopher Aguirre,Delhi,active
A486,Jenna Cook,Pune,dormant
A487,Douglas Simpson,Hyderabad,active
A488,Scott Pena,Delhi,active
A489,Amber Navarro,Pune,active
A490,Gina Watkins,Bangalore,active
A491,Donna Bullock,Hyderabad,active
A492,Benjamin Silva,Hyderabad,active
A493,Andrea Caldwell,Hyderabad,dormant
A494,Mark Miller,Bangalore,active
A495,Aaron Cruz,Mumbai,dormant
A496,Mark Osborn MD,Mumbai,dormant
A497,Valerie Johnson,Mumbai,dormant
A498,Alicia Villanueva,Bangalore,dormant
A499,Melanie Cook,Bangalore,active
A500,Karl Nelson,Hyderabad,active
A501,Kaitlin West,Delhi,active
A502,Jennifer Glover,Hyderabad,active
A503,Robert Blackburn,Delhi,dormant
A504,Alexis Shields,Delhi,active
A505,Tiffany Moore,Delhi,dormant
A506,William Thomas,Pune,dormant
A507,Tara Haney,Pune,dormant
A508,Bryan Mitchell,Bangalore,dormant
A509,Luis Smith MD,Hyderabad,dormant
A510,Gerald Dalton,Bangalore,dormant
A511,Brandon Foster,Mumbai,active
A512,Richard Allen,Pune,dormant
A513,Sarah Carroll,Bangalore,dormant
A514,Cory Turner II,Delhi,dormant
A515,Angela Daniels,Mumbai,dormant
A516,Jennifer Davila,Bangalore,dormant
A517,Haley Silva,Delhi,dormant
A518,Samantha Salinas,Hyderabad,active
A519,Kimberly Holt,Bangalore,dormant
A520,Steven Duncan,Bangalore,active
A521,Casey Wagner,Hyderabad,dormant
A522,Jeffrey Farley,Bangalore,dormant
A523,Maria Mills,Hyderabad,dormant
A524,Michael Fitzgerald,Mumbai,dormant
A525,David Sanchez,Mumbai,active
A526,Kimberly Gordon,Pune,active
A527,Karen Stevens MD,Pune,dormant
A528,Elizabeth Smith,Mumbai,active
A529,Jerome Tran,Mumbai,active
A530,James Orr,Bangalore,active
A531,Eric Johnson,Mumbai,active
A532,John Fry DDS,Delhi,active
A533,Edward Rodriguez,Hyderabad,active
A534,Laura Jackson,Hyderabad,active
A535,James Wilson,Delhi,active
A536,Jaime Johnson,Pune,active
A537,Donna Gallegos,Delhi,dormant
A538,Dorothy Gutierrez,Hyderabad,dormant
A539,Jared Williams,Bangalore,dormant
A540,Catherine Guerrero,Hyderabad,active
A541,Emily Harrison,Pune,dormant
A542,Michelle Vargas,Pune,dormant
A543,Elizabeth Hanson,Mumbai,dormant
A544,Brian Johnson,Delhi,dormant
A545,Julie Sanders,Bangalore,active
A546,Nancy Munoz,Delhi,active
A547,Lisa Sharp,Hyderabad,dormant
A548,Bryan Dalton,Delhi,active
A549,Carl Reilly,Delhi,dormant
A550,Tyler Anderson,Pune,active
A551,Jennifer Villarreal,Delhi,active
A552,Briana Woodard,Delhi,active
A553,Samuel Callahan,Hyderabad,dormant
A554,Thomas Thompson,Hyderabad,active
A555,Valerie Alvarez,Delhi,dormant
A556,Mr. Juan Hill,Bangalore,active
A557,Elizabeth Williams,Bangalore,dormant
A558,Debra Johnson,Pune,active
A559,Tiffany Morris,Bangalore,dormant
A560,James Alexander,Pune,active
A561,Jennifer Roach,Pune,dormant
A562,Jamie Terrell,Pune,active
A563,Joshua West,Hyderabad,active
A564,Joseph Williams,Bangalore,active
A565,Matthew White,Delhi,active
A566,Deborah Murphy,Delhi,active
A567,Caleb Griffin,Bangalore,dormant
A568,Donna Davidson,Bangalore,dormant
A569,Kevin Edwards,Mumbai,active
A570,Jason Long,Bangalore,active
A571,Donna Stephens,Bangalore,active
A572,Victoria Daniels,Delhi,active
A573,Christina Cohen,Bangalore,active
A574,Kenneth Olson,Pune,dormant
A575,Ryan Schultz,Mumbai,active
A576,Heather Franklin,Mumbai,active
A577,Larry Lowe,Mumbai,active
A578,Carla Mcclain,Mumbai,active
A579,Jacob Smith,Mumbai,dormant
A580,Matthew Maldonado,Delhi,active
A581,Oscar Gardner,Hyderabad,dormant
A582,Barbara Clark,Bangalore,dormant
A583,Mike Ramirez,Delhi,dormant
A584,Christopher Nelson,Mumbai,active
A585,Joshua Henderson,Hyderabad,dormant
A586,Matthew Wallace,Bangalore,active
A587,Jennifer Kelly,Pune,dormant
A588,Joshua Hunter,Mumbai,dormant
A589,Vanessa James,Pune,dormant
A590,Rachel Reeves,Mumbai,active
A591,Adam Brown,Hyderabad,active
A592,Dominique Carter,Delhi,dormant
A593,Anthony Shaw,Bangalore,active
A594,Pamela Dickerson,Delhi,active
A595,Brian Hatfield,Mumbai,dormant
A596,Roger Aguilar,Mumbai,dormant
A597,Leah Hudson,Mumbai,active
A598,Beth Garza,Pune,active
A599,Dale Mullen,Mumbai,active
A600,Randall Mcdaniel,Pune,dormant
A601,Laura Rice,Bangalore,active
A602,Kevin Hughes,Bangalore,active
A603,David Roth,Pune,dormant
A604,Lisa Hall,Hyderabad,dormant
A605,Samantha Harrell,Delhi,dormant
A606,Joshua Lee,Bangalore,dormant
A607,Olivia Perkins,Delhi,dormant
A608,John Green,Delhi,active
A609,Regina Terry,Pune,active
A610,Dylan Johnson,Pune,active
A611,Nathaniel Alexander,Bangalore,active
A612,Lauren Long,Mumbai,active
A613,Deborah Medina,Pune,dormant
A614,Diana Martin,Mumbai,dormant
A615,Andrew Livingston,Pune,dormant
A616,Catherine Ortiz,Delhi,active
A617,Dennis Hamilton,Pune,dormant
A618,Timothy Lucero,Hyderabad,active
A619,Elizabeth Holt,Mumbai,active
A620,Roger Howard,Bangalore,dormant
A621,Bradley Schultz,Pune,active
A622,Veronica Stone,Bangalore,active
A623,Nina Klein,Bangalore,dormant
A624,Frank Day,Delhi,active
A625,Nathan Roberts Jr.,Delhi,active
A626,Lori Cox,Hyderabad,active
A627,Ana Diaz,Hyderabad,dormant
A628,Dennis Patton,Bangalore,active
A629,Eric Allen,Delhi,dormant
A630,Katherine Jackson,Hyderabad,dormant
A631,Debra Garcia,Mumbai,dormant
A632,Alexis Sullivan,Hyderabad,active
A633,Jacob Carter,Mumbai,dormant
A634,Brian Johnson,Mumbai,active
A635,Travis Rogers,Delhi,active
A636,Dr. Sara Simmons MD,Pune,dormant
A637,Maria Jones,Pune,dormant
A638,Caitlyn Brady,Hyderabad,active
A639,Mark Lopez,Bangalore,active
A640,Marcus Dunlap,Bangalore,active
A641,Robert Kent,Hyderabad,dormant
A642,John Cox,Hyderabad,dormant
A643,Lawrence Walker,Hyderabad,active
A644,Eric Long,Bangalore,active
A645,Scott Hoffman,Bangalore,active
A646,Emily Herrera,Hyderabad,dormant
A647,Jamie Kramer,Bangalore,dormant
A648,Patricia Keith,Pune,active
A649,Christopher Carlson,Hyderabad,dormant
A650,Joshua King,Mumbai,active
A651,Tommy Johnson,Bangalore,dormant
A652,David Wagner,Bangalore,active
A653,John Mitchell,Pune,active
A654,Jasmine Love,Bangalore,dormant
A655,Maria Collins,Delhi,active
A656,Barbara Obrien,Pune,dormant
A657,Elizabeth Anderson,Bangalore,active
A658,Diane Williams,Pune,active
A659,Michael Young,Pune,active
A660,Melissa Smith,Mumbai,active
A661,Sandra Thompson,Bangalore,active
A662,Travis Greene,Bangalore,active
A663,Carolyn Massey,Bangalore,active
A664,Victoria Whitaker,Bangalore,dormant
A665,Kathryn Roberson,Delhi,dormant
A666,Erin Long,Delhi,active
A667,Christian Bryan,Pune,dormant
A668,Casey Brennan,Pune,dormant
A669,Robert Mejia,Bangalore,active
A670,Elizabeth Vargas,Mumbai,active
A671,Barbara Gonzalez,Mumbai,active
A672,Benjamin Thomas,Hyderabad,dormant
A673,Theresa Wu,Pune,dormant
A674,David Vance,Pune,active
A675,Danielle Moore,Pune,active
A676,Carol Walsh,Bangalore,dormant
A677,Angela Boyer,Bangalore,active
A678,Ashley Vasquez,Delhi,active
A679,James Jackson,Hyderabad,dormant
A680,Stacey Allen,Hyderabad,dormant
A681,Patty Horton,Bangalore,active
A682,Rhonda Levy,Bangalore,dormant
A683,James Stone,Hyderabad,dormant
A684,Brandon Mitchell MD,Bangalore,active
A685,Anthony Young,Mumbai,active
A686,Timothy Smith,Delhi,dormant
A687,Jeremy Ruiz,Hyderabad,active
A688,Andres Chase,Mumbai,dormant
A689,Erica Peck,Pune,active
A690,Alicia Saunders,Pune,dormant
A691,Tamara Simpson,Delhi,dormant
A692,Katherine Ho,Delhi,active
A693,Leslie Howard,Delhi,active
A694,Dr. Jeffrey Flores,Mumbai,dormant
A695,Kenneth Woodard,Delhi,active
A696,Raymond Baker,Pune,active
A697,David Davis,Pune,dormant
A698,Donald Ochoa,Delhi,active
A699,Amber Gonzalez,Pune,dormant
A700,Kara Edwards,Mumbai,dormant
A701,Vanessa Wolfe,Pune,active
A702,Susan Rivera,Delhi,active
A703,Sharon Lutz,Mumbai,dormant
A704,Scott Brown,Bangalore,active
A705,Elizabeth Keith,Delhi,active
A706,Sherry Moon,Mumbai,dormant
A707,Thomas Sheppard,Delhi,active
A708,Daniel Smith,Hyderabad,active
A709,Joan Gonzalez,Mumbai,active
A710,Vanessa Frey,Pune,active
A711,Travis White,Pune,active
A712,Mary Martinez,Hyderabad,dormant
A713,Raymond Richmond,Pune,active
A714,Alexander Adams,Hyderabad,active
A715,Kimberly Mitchell,Bangalore,active
A716,Jesse Trujillo,Bangalore,active
A717,Anthony Wong,Mumbai,active
A718,Scott Clay,Bangalore,active
A719,Gregory Owen,Bangalore,dormant
A720,Christopher Hill,Pune,active
A721,Angela Gonzales,Bangalore,active
A722,George Shah,Bangalore,dormant
A723,Kevin Acosta,Bangalore,dormant
A724,Roger Leblanc,Hyderabad,active
A725,Robert Diaz,Mumbai,active
A726,Teresa Berry,Bangalore,active
A727,Mackenzie Johnson,Delhi,active
A728,Timothy Martin,Mumbai,dormant
A729,Grace Green,Hyderabad,dormant
A730,Andrew Freeman,Mumbai,active
A731,Lori Perez,Bangalore,active
A732,Dr. William Martin,Pune,active
A733,Danielle Johnson,Pune,dormant
A734,Curtis Curry,Hyderabad,dormant
A735,Arthur Morrison,Mumbai,dormant
A736,Bruce Forbes,Hyderabad,dormant
A737,Jeffrey Finley,Hyderabad,dormant
A738,Joanna Rogers,Pune,dormant
A739,Mark Garza,Hyderabad,active
A740,Thomas Graves,Delhi,active
A741,Jeffery Benton,Mumbai,active
A742,Amber Chang,Mumbai,active
A743,Nathaniel James,Pune,dormant
A744,Laura Nicholson,Pune,dormant
A745,Gregory Costa,Delhi,dormant
A746,Roberto Moss,Pune,dormant
A747,Carl Holmes,Hyderabad,active
A748,Brandon Lowe,Mumbai,dormant
A749,Nancy Williams DDS,Delhi,active
A750,Mr. William Davis,Mumbai,active
A751,Peter Bird,Pune,dormant
A752,Cynthia Davenport,Mumbai,active
A753,Jason Mueller,Hyderabad,dormant
A754,Sarah Fields,Pune,active
A755,Anna Zimmerman,Bangalore,dormant
A756,Patricia Mccoy,Mumbai,dormant
A757,Antonio Hill,Mumbai,dormant
A758,William Gross,Bangalore,active
A759,Brian Khan,Hyderabad,dormant
A760,Steven Stone,Mumbai,dormant
A761,Ronald Williams,Hyderabad,dormant
A762,Isabella Olson,Mumbai,dormant
A763,Robin Cooper,Mumbai,active
A764,Daniel Bradley,Bangalore,active
A765,Michael Franklin,Bangalore,dormant
A766,Kathleen Brown,Mumbai,dormant
A767,Ashley Rodriguez,Pune,dormant
A768,Amanda Sanders,Bangalore,active
A769,Vicki Bennett,Mumbai,active
A770,Christina Mitchell,Delhi,dormant
A771,Stephanie Ramirez DDS,Hyderabad,active
A772,Amber Love,Pune,dormant
A773,Ernest Smith,Bangalore,active
A774,Kyle Johnson,Pune,dormant
A775,Brian Jones,Pune,dormant
A776,Heather Daniel,Bangalore,active
A777,Sherri Strickland,Bangalore,dormant
A778,Courtney White,Pune,dormant
A779,Tyler Ferrell,Mumbai,dormant
A780,Samantha Wells,Pune,dormant
A781,Cynthia Lee,Mumbai,dormant
A782,Jennifer Woods,Mumbai,active
A783,Joshua Walton,Bangalore,active
A784,Amanda Johnston,Pune,active
A785,Edward Burns,Pune,active
A786,Phillip Becker,Hyderabad,dormant
A787,Robert Hill,Pune,dormant
A788,James Leon,Delhi,dormant
A789,Charles Hale,Pune,active
A790,Angela Hodges,Pune,active
A791,Eric Valencia,Pune,dormant
A792,Claudia Vargas,Hyderabad,active
A793,Maurice Wang,Delhi,dormant
A794,Sarah Smith,Bangalore,active
A795,Kimberly Jones,Delhi,active
A796,Ernest Strickland,Delhi,dormant
A797,Christopher Christensen,Hyderabad,dormant
A798,Jessica Cantu,Delhi,active
A799,Bethany Sanchez,Pune,active
A800,Michelle Hardy,Pune,active
A801,Ronald Tanner,Pune,dormant
A802,Dr. Hailey Jones,Mumbai,dormant
A803,Joshua Copeland,Pune,active
A804,Mr. Matthew Moses,Hyderabad,active
A805,Tyler Levine,Pune,dormant
A806,Joshua Pena,Hyderabad,active
A807,Richard Bowen,Bangalore,dormant
A808,Alexandra Blanchard,Hyderabad,active
A809,Richard West,Mumbai,active
A810,Seth Ortiz,Mumbai,dormant
A811,Lance Baker,Pune,active
A812,Joann Carson,Mumbai,dormant
A813,Dr. Joe Chung PhD,Mumbai,active
A814,Victoria Hunt,Pune,active
A815,Elizabeth Mathis,Mumbai,dormant
A816,Ashley Berg,Mumbai,active
A817,Carol Boyd,Mumbai,active
A818,James Lopez,Delhi,dormant
A819,Eric Hall,Bangalore,active
A820,Jared Freeman,Pune,active
A821,Adam Washington,Hyderabad,dormant
A822,Jennifer Murillo,Hyderabad,dormant
A823,Christina Cannon,Pune,active
A824,Tanya Snyder,Delhi,dormant
A825,Gregory Mills,Pune,dormant
A826,Heather Brown,Hyderabad,active
A827,Christina Guerrero,Pune,active
A828,Thomas Roberson,Pune,active
A829,Julie Ponce,Mumbai,active
A830,Sonya Choi,Delhi,active
A831,Ryan Wilson,Bangalore,active
A832,Sarah Carr,Pune,active
A833,Brittany Cooper,Pune,dormant
A834,Taylor Myers,Bangalore,active
A835,Cory Floyd,Pune,active
A836,William Sparks,Mumbai,active
A837,Anna Young,Mumbai,dormant
A838,Colin Alvarez,Bangalore,active
A839,James Davis,Mumbai,dormant
A840,Kristina Johnson,Hyderabad,active
A841,Melanie Hansen,Bangalore,active
A842,Caitlin Melendez,Bangalore,dormant
A843,Jonathan Singh,Hyderabad,active
A844,Hannah Murphy,Bangalore,active
A845,Tiffany Harrell,Pune,dormant
A846,Jeffrey Wang,Pune,dormant
A847,Shannon Johnson,Delhi,dormant
A848,Jeff Singh,Hyderabad,dormant
A849,Nicholas Ali,Pune,active
A850,Philip Duarte,Pune,dormant
A851,Melanie Bowman,Delhi,active
A852,Douglas Chen,Mumbai,dormant
A853,Patricia Williams,Hyderabad,active
A854,Javier Johnson,Delhi,dormant
A855,Meghan Gonzalez,Hyderabad,dormant
A856,Kim Miranda,Mumbai,active
A857,Holly Clark,Pune,dormant
A858,Dawn Watkins,Hyderabad,active
A859,Kristina Yoder,Hyderabad,dormant
A860,Nicole Henderson,Bangalore,active
A861,David Dougherty,Hyderabad,active
A862,Kelly Brady,Mumbai,dormant
A863,Peggy Greene,Hyderabad,dormant
A864,Jamie Bullock,Delhi,dormant
A865,Michele Phillips,Mumbai,active
A866,Steven Taylor,Mumbai,active
A867,Christopher Flores,Mumbai,dormant
A868,Robert Cook MD,Pune,active
A869,Tracy Martin,Mumbai,active
A870,Paula Everett,Pune,dormant
A871,Robert Norton,Bangalore,active
A872,Joseph Mitchell,Pune,active
A873,Paul Donovan,Delhi,dormant
A874,Valerie Parker,Delhi,active
A875,Tyler Velez,Bangalore,active
A876,Jacob Johnson,Hyderabad,dormant
A877,Richard Hopkins,Mumbai,active
A878,Andrea Adkins,Bangalore,active
A879,Robert Hall,Hyderabad,dormant
A880,William May,Delhi,active
A881,Wyatt Young,Hyderabad,dormant
A882,Nathan Cruz,Mumbai,dormant
A883,Steven Gordon,Hyderabad,dormant
A884,Tiffany Parks,Bangalore,active
A885,Margaret Roberts,Bangalore,dormant
A886,Danielle Weaver,Delhi,active
A887,Jennifer Richardson,Mumbai,active
A888,Zachary Rodriguez,Pune,dormant
A889,Mr. Juan Hatfield,Pune,dormant
A890,Tammy Mercado MD,Delhi,active
A891,Kevin Garcia II,Delhi,dormant
A892,Amy Huber,Pune,dormant
A893,Matthew Sharp,Pune,dormant
A894,Deborah Richardson,Mumbai,active
A895,Rebecca Cox,Hyderabad,dormant
A896,Justin Morton,Hyderabad,dormant
A897,James Williams,Pune,dormant
A898,Margaret Black,Mumbai,dormant
A899,Carl Alvarez,Hyderabad,dormant
A900,Alexander Kelley,Delhi,active
A901,Melissa Jones,Mumbai,active
A902,Tina Massey MD,Pune,active
A903,Jerome Cannon,Mumbai,dormant
A904,James Walker,Pune,active
A905,Jessica Hernandez,Pune,dormant
A906,Rachel Payne,Hyderabad,dormant
A907,Holly Richardson,Pune,active
A908,Dr. Brian Leonard,Pune,active
A909,John Richardson,Delhi,dormant
A910,Joseph Hobbs,Bangalore,dormant
A911,Morgan Ellis,Hyderabad,active
A912,Kari Branch,Hyderabad,active
A913,Kayla Whitaker,Pune,dormant
A914,David Crawford,Mumbai,dormant
A915,Gina Rodriguez,Hyderabad,active
A916,Lindsey Durham,Delhi,active
A917,Jessica Love,Bangalore,active
A918,Kenneth Webb,Hyderabad,dormant
A919,James Dodson,Bangalore,dormant
A920,Scott Becker,Bangalore,dormant
A921,John Moreno,Mumbai,dormant
A922,Joshua Larson,Bangalore,dormant
A923,Tammie Chapman DVM,Delhi,dormant
A924,Gregory Johnson,Hyderabad,dormant
A925,Bobby Potter,Mumbai,dormant
A926,Carl Hill,Pune,dormant
A927,David Mullen,Mumbai,active
A928,Linda Henry,Pune,active
A929,Brian Smith,Pune,dormant
A930,Tracy Murphy,Delhi,dormant
A931,Elizabeth Barnes,Pune,active
A932,Danny Scott Jr.,Pune,dormant
A933,Breanna Watts,Pune,active
A934,Brandon Bernard,Mumbai,active
A935,Bryan Martin,Hyderabad,active
A936,Anthony Taylor,Hyderabad,dormant
A937,John Lee,Mumbai,dormant
A938,Monique Atkinson,Delhi,active
A939,Tanya Martin,Delhi,active
A940,Kelly Peck,Bangalore,dormant
A941,Elizabeth Burke,Hyderabad,active
A942,Angela Williams,Pune,active
A943,Isaac Wright,Delhi,active
A944,Erica Freeman DVM,Pune,active
A945,Pamela Thomas,Bangalore,dormant
A946,Joseph Daniel,Hyderabad,active
A947,Frank Love,Hyderabad,dormant
A948,Larry Scott,Hyderabad,active
A949,Robert Gonzalez,Delhi,active
A950,Adam White,Delhi,dormant
A951,Paula Gibson,Mumbai,active
A952,Michael Jones,Hyderabad,active
A953,Alexander Brown,Delhi,dormant
A954,Melanie Waters,Hyderabad,dormant
A955,Francisco Moore,Mumbai,dormant
A956,Keith Moreno,Bangalore,dormant
A957,Jay Martin,Bangalore,dormant
A958,Maria Skinner,Pune,dormant
A959,William Mcdonald,Mumbai,dormant
A960,Justin Kent,Pune,dormant
A961,Daniel Guzman,Hyderabad,dormant
A962,Jorge White,Pune,active
A963,Jordan Gray,Pune,dormant
A964,Andrew Mills,Hyderabad,active
A965,Wanda Savage,Hyderabad,active
A966,Frances George,Pune,active
A967,Jonathan Cook,Mumbai,active
A968,Jennifer Francis,Bangalore,dormant
A969,Seth Mitchell,Delhi,dormant
A970,John Black,Hyderabad,dormant
A971,Erin Ball,Pune,active
A972,Lindsay Davis,Bangalore,active
A973,Steven Peterson,Mumbai,dormant
A974,William Morrison,Pune,dormant
A975,Leslie Huynh,Pune,active
A976,Michelle Kerr,Delhi,active
A977,Erika Hahn,Delhi,dormant
A978,David Smith,Bangalore,dormant
A979,Richard Shepherd,Bangalore,dormant
A980,Dana King,Pune,active
A981,Breanna Graves,Mumbai,dormant
A982,Ashley Melendez,Delhi,dormant
A983,Kyle Cooper,Pune,dormant
A984,Michelle Avila,Hyderabad,dormant
A985,Tiffany Jackson,Bangalore,active
A986,Lisa Velez,Pune,dormant
A987,Amber Chavez,Delhi,active
A988,Tanner Garcia,Bangalore,active
A989,Edward Gomez,Pune,dormant
A990,Dawn Hampton,Pune,active
A991,Jeffrey Richardson,Mumbai,dormant
A992,Jessica Carter,Bangalore,dormant
A993,Matthew Baldwin,Delhi,dormant
A994,Jessica Guerrero,Pune,active
A995,Bailey Calderon,Pune,dormant
A996,Hannah Harris DVM,Mumbai,dormant
A997,Mrs. Sheryl Johnson,Pune,dormant
A998,Sonia Hampton,Hyderabad,active
A999,Sandra Love,Bangalore,dormant
